distance_km,architecture,protocol,alpha,photon_path_km,eta,link_success_probability,end_to_end_fidelity,expected_attempts_analytic,expected_attempts_simulated,expected_seconds_analytic,expected_seconds_simulated
10.0,direct,Barrett-Kok,,5.0,0.7967034698934616,0.31736820947014094,1.0,3.1509142067806364,3.1766,3.1509142067806364e-06,3.1766000000000002e-06
10.0,one-repeater,Barrett-Kok,,2.5,0.8925824723203238,0.3983517349467308,1.0,3.4533380182897115,3.4361,3.4533380182897116e-06,3.4361e-06
10.0,direct,Single-click,0.05,5.0,0.7967034698934616,0.07808350594199547,0.95,12.806801999168078,12.8786,1.2806801999168078e-05,1.28786e-05
10.0,one-repeater,Single-click,0.05,2.5,0.8925824723203238,0.08726648855729874,0.9033333333333332,16.927322749621016,16.90555,1.6927322749621017e-05,1.6905550000000003e-05
10.0,direct,Single-click,0.1,5.0,0.7967034698934616,0.1529933297892895,0.9,6.536232666987853,6.6148,6.536232666987854e-06,6.6148e-06
10.0,one-repeater,Single-click,0.1,2.5,0.8925824723203238,0.17054945976513017,0.8133333333333334,8.52179651332614,8.4902,8.521796513326141e-06,8.4902e-06
10.0,direct,Single-click,0.2,5.0,0.7967034698934616,0.29329193119977337,0.8,3.4095721485050277,3.3885,3.409572148505028e-06,3.3885000000000003e-06
10.0,one-repeater,Single-click,0.2,2.5,0.8925824723203238,0.3251648501323911,0.6533333333333334,4.314507891193339,4.30995,4.314507891193339e-06,4.30995e-06
20.0,direct,Barrett-Kok,,10.0,0.6347364189402819,0.2014451607645665,1.0,4.964130169246024,4.95135,4.964130169246024e-06,4.95135e-06
20.0,one-repeater,Barrett-Kok,,5.0,0.7967034698934616,0.31736820947014094,1.0,4.429217766053884,4.43695,4.429217766053884e-06,4.436950000000001e-06
20.0,direct,Single-click,0.05,10.0,0.6347364189402819,0.06246641609020536,0.95,16.008602103183545,16.15695,1.6008602103183544e-05,1.6156949999999998e-05
20.0,one-repeater,Single-click,0.05,5.0,0.7967034698934616,0.07808350594199547,0.9033333333333332,18.950046014020543,19.0176,1.8950046014020542e-05,1.9017600000000002e-05
20.0,direct,Single-click,0.1,10.0,0.6347364189402819,0.12291838057276507,0.9,8.135479782114615,8.1561,8.135479782114615e-06,8.1561e-06
20.0,one-repeater,Single-click,0.1,5.0,0.7967034698934616,0.1529933297892895,0.8133333333333334,9.533640719854423,9.4864,9.533640719854424e-06,9.4864e-06
20.0,direct,Single-click,0.2,10.0,0.6347364189402819,0.23777895471494745,0.8,4.2055866600928296,4.1963,4.205586660092829e-06,4.1963e-06
20.0,one-repeater,Single-click,0.2,5.0,0.7967034698934616,0.29329193119977337,0.6533333333333334,4.821396579732388,4.8491,4.821396579732388e-06,4.8491e-06
30.0,direct,Barrett-Kok,,15.0,0.5056967074374725,0.12786457995655034,1.0,7.820774137292829,7.8231,7.820774137292828e-06,7.8231e-06
30.0,one-repeater,Barrett-Kok,,7.5,0.7111235528636867,0.25284835371873626,1.0,5.646229515062536,5.717,5.6462295150625354e-06,5.717e-06
30.0,direct,Single-click,0.05,15.0,0.5056967074374725,0.0499303478439645,0.95,20.027899727938273,20.12315,2.0027899727938274e-05,2.012315e-05
30.0,one-repeater,Single-click,0.05,7.5,0.7111235528636867,0.06984811351777498,0.9033333333333332,21.216121425777224,21.15755,2.1216121425777224e-05,2.1157550000000002e-05
30.0,direct,Single-click,0.1,15.0,0.5056967074374725,0.0985820498883635,0.9,10.143834512798447,10.2149,1.0143834512798448e-05,1.02149e-05
30.0,one-repeater,Single-click,0.1,7.5,0.7111235528636867,0.1371677434983626,0.8133333333333334,10.667107114724962,10.54245,1.0667107114724962e-05,1.0542450000000001e-05
30.0,direct,Single-click,0.2,15.0,0.5056967074374725,0.192049516578465,0.8,5.206990456502574,5.21615,5.206990456502574e-06,5.21615e-06
30.0,one-repeater,Single-click,0.2,7.5,0.7111235528636867,0.26422155284797577,0.6533333333333334,5.3889987155932175,5.3876,5.388998715593218e-06,5.3876e-06
40.0,direct,Barrett-Kok,,20.0,0.402890321529133,0.08116030559092409,1.0,12.321294168609278,12.40085,1.2321294168609278e-05,1.240085e-05
40.0,one-repeater,Barrett-Kok,,10.0,0.6347364189402819,0.2014451607645665,1.0,7.168194278256555,7.2461,7.168194278256555e-06,7.2461e-06
40.0,direct,Single-click,0.05,20.0,0.402890321529133,0.03988323062495868,0.95,25.073194531393003,24.9988,2.5073194531393003e-05,2.49988e-05
40.0,one-repeater,Single-click,0.05,10.0,0.6347364189402819,0.06246641609020536,0.9033333333333332,23.7548431117638,23.4618,2.37548431117638e-05,2.34618e-05
40.0,direct,Single-click,0.1,20.0,0.402890321529133,0.07895485819400812,0.9,12.665465088200108,12.6473,1.2665465088200108e-05,1.26473e-05
40.0,one-repeater,Single-click,0.1,10.0,0.6347364189402819,0.12291838057276507,0.8133333333333334,11.936848730733857,11.83895,1.1936848730733857e-05,1.1838950000000001e-05
40.0,direct,Single-click,0.2,20.0,0.402890321529133,0.1546633041643793,0.8,6.4656578068264965,6.43305,6.465657806826497e-06,6.433049999999999e-06
40.0,one-repeater,Single-click,0.2,10.0,0.6347364189402819,0.23777895471494745,0.6533333333333334,6.024647139860453,6.0427,6.024647139860453e-06,6.0427e-06
50.0,direct,Barrett-Kok,,25.0,0.32098411714875263,0.05151540173088208,1.0,19.4116704208972,19.3615,1.9411670420897197e-05,1.93615e-05
50.0,one-repeater,Barrett-Kok,,12.5,0.5665546020894655,0.1604920585743763,1.0,9.074445019446879,9.1185,9.07444501944688e-06,9.1185e-06
50.0,direct,Single-click,0.05,25.0,0.32098411714875263,0.03184083470622085,0.95,31.406211841696056,31.66605,3.140621184169606e-05,3.166605e-05
50.0,one-repeater,Single-click,0.05,12.5,0.5665546020894655,0.05585299991607467,0.9033333333333332,26.599029683493356,26.29545,2.6599029683493355e-05,2.629545e-05
50.0,direct,Single-click,0.1,25.0,0.32098411714875263,0.06316651539513289,0.9,15.831172477135759,15.86705,1.583117247713576e-05,1.586705e-05
50.0,one-repeater,Single-click,0.1,12.5,0.5665546020894655,0.11010107924640558,0.8133333333333334,13.359280241250488,13.48985,1.3359280241250489e-05,1.3489850000000001e-05
50.0,direct,Single-click,0.2,25.0,0.32098411714875263,0.12427241472103048,0.8,8.0468380874776,8.0115,8.0468380874776e-06,8.0115e-06
50.0,one-repeater,Single-click,0.2,12.5,0.5665546020894655,0.21378247614983611,0.6533333333333334,6.736556695171087,6.7469,6.736556695171087e-06,6.7469e-06
60.0,direct,Barrett-Kok,,30.0,0.25572915991310063,0.0326987016149301,1.0,30.582254053274212,30.63375,3.058225405327421e-05,3.063375e-05
60.0,one-repeater,Barrett-Kok,,15.0,0.5056967074374725,0.12786457995655034,1.0,11.464086508966522,11.43145,1.1464086508966522e-05,1.143145e-05
60.0,direct,Single-click,0.05,30.0,0.25572915991310063,0.025409422483235414,0.95,39.355479277806424,39.363,3.9355479277806426e-05,3.9363e-05
60.0,one-repeater,Single-click,0.05,15.0,0.5056967074374725,0.0499303478439645,0.9033333333333332,29.785448493901928,29.7221,2.978544849390193e-05,2.97221e-05
60.0,direct,Single-click,0.1,30.0,0.25572915991310063,0.050491857950321524,0.9,19.805173360502813,19.9541,1.9805173360502814e-05,1.99541e-05
60.0,one-repeater,Single-click,0.1,15.0,0.5056967074374725,0.0985820498883635,0.8133333333333334,14.952790119987068,14.9228,1.4952790119987068e-05,1.49228e-05
60.0,direct,Single-click,0.2,30.0,0.25572915991310063,0.09967576783604584,0.8,10.032528684854224,9.8882,1.0032528684854225e-05,9.8882e-06
60.0,one-repeater,Single-click,0.2,15.0,0.5056967074374725,0.192049516578465,0.6533333333333334,7.5339294380065756,7.4798,7.533929438006576e-06,7.4798e-06
70.0,direct,Barrett-Kok,,35.0,0.2037403090557072,0.020755056767057543,1.0,48.18102938591821,48.15135,4.818102938591821e-05,4.815135e-05
70.0,one-repeater,Barrett-Kok,,17.5,0.4513760173687867,0.10187015452785361,1.0,14.46120955244737,14.42965,1.446120955244737e-05,1.442965e-05
70.0,direct,Single-click,0.05,35.0,0.2037403090557072,0.02027025562173543,0.95,49.333368984637666,49.60075,4.933336898463767e-05,4.960075e-05
70.0,one-repeater,Single-click,0.05,17.5,0.4513760173687867,0.0446282509642394,0.9033333333333332,33.35529093970902,33.57055,3.335529093970902e-05,3.3570549999999997e-05
70.0,direct,Single-click,0.1,35.0,0.2037403090557072,0.04033296067580029,0.9,24.79361750896701,24.8364,2.479361750896701e-05,2.48364e-05
70.0,one-repeater,Single-click,0.1,17.5,0.4513760173687867,0.08823780038320027,0.8133333333333334,16.737978335477507,16.9629,1.6737978335477507e-05,1.69629e-05
70.0,direct,Single-click,0.2,35.0,0.2037403090557072,0.07983571908091827,0.8,12.525721713440575,12.69005,1.2525721713440575e-05,1.2690049999999999e-05
70.0,one-repeater,Single-click,0.2,17.5,0.4513760173687867,0.17240079458528637,0.6533333333333334,8.427072994849965,8.4183,8.427072994849966e-06,8.4183e-06
80.0,direct,Barrett-Kok,,40.0,0.16232061118184818,0.013173990407224369,1.0,75.9071449947025,76.75415,7.59071449947025e-05,7.675415e-05
80.0,one-repeater,Barrett-Kok,,20.0,0.402890321529133,0.08116030559092409,1.0,18.221367114565183,18.3156,1.822136711456518e-05,1.83156e-05
80.0,direct,Single-click,0.05,40.0,0.16232061118184818,0.016166191166148695,0.95,61.85748948051268,61.84825,6.185748948051268e-05,6.184825e-05
80.0,one-repeater,Single-click,0.05,20.0,0.402890321529133,0.03988323062495868,0.9033333333333332,37.35470495338099,37.4627,3.735470495338099e-05,3.7462699999999996e-05
80.0,direct,Single-click,0.1,40.0,0.16232061118184818,0.03220064242822515,0.9,31.0552810313952,31.26045,3.10552810313952e-05,3.126045e-05
80.0,one-repeater,Single-click,0.1,20.0,0.402890321529133,0.07895485819400812,0.8133333333333334,18.737922644940973,18.8908,1.873792264494097e-05,1.88908e-05
80.0,direct,Single-click,0.2,40.0,0.16232061118184818,0.06387432524016133,0.8,15.65574268284003,15.7631,1.565574268284003e-05,1.5763099999999998e-05
80.0,one-repeater,Single-click,0.2,20.0,0.402890321529133,0.1546633041643793,0.6533333333333334,9.427533446735932,9.37345,9.427533446735931e-06,9.373450000000001e-06
90.0,direct,Barrett-Kok,,45.0,0.12932139416380586,0.008362011494235221,1.0,119.58845077998289,118.9264,0.00011958845077998289,0.00011892640000000001
90.0,one-repeater,Barrett-Kok,,22.5,0.35961283926440374,0.06466069708190295,1.0,22.939665140542026,22.96645,2.2939665140542025e-05,2.2966449999999998e-05
90.0,direct,Single-click,0.05,45.0,0.12932139416380586,0.01289032935890941,0.95,77.57753678410319,78.0724,7.757753678410319e-05,7.807240000000001e-05
90.0,one-repeater,Single-click,0.05,22.5,0.35961283926440374,0.03563798044103086,0.9033333333333332,41.835391568181535,41.76005,4.1835391568181534e-05,4.176005e-05
90.0,direct,Single-click,0.1,45.0,0.12932139416380586,0.02569703860287647,0.9,38.91498998986063,38.7974,3.891498998986063e-05,3.87974e-05
90.0,one-repeater,Single-click,0.1,22.5,0.35961283926440374,0.07062935391124268,0.8133333333333334,20.978476924997082,20.7331,2.0978476924997082e-05,2.07331e-05
90.0,direct,Single-click,0.2,45.0,0.12932139416380586,0.05105959674598353,0.8,19.584956868635324,19.73515,1.9584956868635322e-05,1.973515e-05
90.0,one-repeater,Single-click,0.2,22.5,0.35961283926440374,0.13867227993920925,0.6533333333333334,10.548244369903951,10.5169,1.054824436990395e-05,1.05169e-05
100.0,direct,Barrett-Kok,,50.0,0.10303080346176416,0.005307673230988337,1.0,188.4064742647676,187.7012,0.0001884064742647676,0.0001877012
100.0,one-repeater,Barrett-Kok,,25.0,0.32098411714875263,0.05151540173088208,1.0,28.860895956091426,28.9418,2.8860895956091427e-05,2.89418e-05
100.0,direct,Single-click,0.05,50.0,0.10303080346176416,0.010276541980021476,0.95,97.30899770993882,97.5802,9.730899770993882e-05,9.758020000000001e-05
100.0,one-repeater,Single-click,0.05,25.0,0.32098411714875263,0.03184083470622085,0.9033333333333332,46.855273268167366,47.01655,4.685527326816736e-05,4.701655e-05
100.0,direct,Single-click,0.1,50.0,0.10303080346176416,0.020500007227733066,0.9,48.78047060623315,48.71305,4.878047060623315e-05,4.871305e-05
100.0,one-repeater,Single-click,0.1,25.0,0.32098411714875263,0.06316651539513289,0.8133333333333334,23.488605392780258,23.5724,2.3488605392780258e-05,2.3572399999999998e-05
100.0,direct,Single-click,0.2,50.0,0.10303080346176416,0.040787707526226596,0.8,24.51719061084758,24.3219,2.451719061084758e-05,2.43219e-05
100.0,one-repeater,Single-click,0.2,25.0,0.32098411714875263,0.12427241472103048,0.6533333333333334,11.80369390320606,11.8317,1.1803693903206061e-05,1.1831699999999999e-05
110.0,direct,Barrett-Kok,,55.0,0.0820849986238988,0.003368973499542734,1.0,296.8263182051532,294.95855,0.0002968263182051532,0.00029495855000000003
110.0,one-repeater,Barrett-Kok,,27.5,0.2865047968601901,0.04104249931194939,1.0,36.29224408352398,36.376,3.6292244083523986e-05,3.6376e-05
110.0,direct,Single-click,0.05,55.0,0.0820849986238988,0.008191654994892167,0.95,122.07545369324527,123.0051,0.00012207545369324527,0.00012300509999999999
110.0,one-repeater,Single-click,0.05,27.5,0.2865047968601901,0.028445267189459264,0.9033333333333332,52.479242763010326,52.7223,5.247924276301033e-05,5.2722299999999995e-05
110.0,direct,Single-click,0.1,55.0,0.0820849986238988,0.016349620254788907,0.9,61.16350009457214,60.9286,6.116350009457214e-05,6.0928600000000005e-05
110.0,one-repeater,Single-click,0.1,27.5,0.2865047968601901,0.05648010938579904,0.8133333333333334,26.30075703617326,26.1439,2.630075703617326e-05,2.61439e-05
110.0,direct,Single-click,0.2,55.0,0.0820849986238988,0.032564481569596106,0.8,30.708304011007257,31.0372,3.070830401100726e-05,3.10372e-05
110.0,one-repeater,Single-click,0.2,27.5,0.2865047968601901,0.1113185187991201,0.6533333333333334,13.210111967061337,13.1701,1.3210111967061337e-05,1.31701e-05
120.0,direct,Barrett-Kok,,60.0,0.06539740322986021,0.0021384101746044653,1.0,467.63713148950325,465.0327,0.00046763713148950323,0.00046503269999999996
120.0,one-repeater,Barrett-Kok,,30.0,0.25572915991310063,0.0326987016149301,1.0,45.61922580618152,45.70045,4.561922580618152e-05,4.570045e-05
120.0,direct,Single-click,0.05,60.0,0.06539740322986021,0.006529048272112999,0.95,153.16167966948873,152.401,0.00015316167966948873,0.000152401
120.0,one-repeater,Single-click,0.05,30.0,0.25572915991310063,0.025409422483235414,0.9033333333333332,58.780001867214324,58.67465,5.8780001867214326e-05,5.867465e-05
120.0,direct,Single-click,0.1,60.0,0.06539740322986021,0.013036712442479953,0.9,76.70645528250768,77.45105,7.670645528250768e-05,7.745104999999999e-05
120.0,one-repeater,Single-click,0.1,30.0,0.25572915991310063,0.050491857950321524,0.8133333333333334,29.451285092424783,29.3029,2.9451285092424782e-05,2.93029e-05
120.0,direct,Single-click,0.2,60.0,0.06539740322986021,0.02598788847797573,0.8,38.4794632641079,38.90105,3.84794632641079e-05,3.8901049999999996e-05
120.0,one-repeater,Single-click,0.2,30.0,0.25572915991310063,0.09967576783604584,0.6533333333333334,14.785680032384334,14.7648,1.4785680032384335e-05,1.47648e-05
130.0,direct,Barrett-Kok,,65.0,0.052102338075251484,0.0013573268164539002,1.0,736.7422406142107,737.02335,0.0007367422406142107,0.0007370233500000001
130.0,one-repeater,Barrett-Kok,,32.5,0.2282593657996348,0.026051169037625742,1.0,57.32569056981625,57.2318,5.732569056981625e-05,5.7231799999999996e-05
130.0,direct,Single-click,0.05,65.0,0.052102338075251484,0.00520344717344288,0.95,192.18029253833018,194.7968,0.00019218029253833017,0.00019479679999999998
130.0,one-repeater,Single-click,0.05,32.5,0.2282593657996348,0.022695680734775354,0.9033333333333332,65.83900132809428,65.55655,6.583900132809428e-05,6.555655e-05
130.0,direct,Single-click,0.1,65.0,0.052102338075251484,0.01039332107872122,0.9,96.21563621731569,95.4826,9.621563621731569e-05,9.54826e-05
130.0,one-repeater,Single-click,0.1,32.5,0.2282593657996348,0.04513084977917445,0.8133333333333334,32.9809169972297,32.75695,3.2980916997229695e-05,3.275695e-05
130.0,direct,Single-click,0.2,65.0,0.052102338075251484,0.020732349084784284,0.8,48.233800999130956,47.76815,4.823380099913096e-05,4.776815e-05
130.0,one-repeater,Single-click,0.2,32.5,0.2282593657996348,0.08921965279684387,0.6533333333333334,16.550766137628294,16.465,1.6550766137628293e-05,1.6465e-05
140.0,direct,Barrett-Kok,,70.0,0.04151011353411509,0.0008615447628075622,1.0,1160.7057963433567,1165.3439,0.0011607057963433566,0.0011653439
140.0,one-repeater,Barrett-Kok,,35.0,0.2037403090557072,0.020755056767057543,1.0,72.01892249118075,71.7843,7.201892249118075e-05,7.17843e-05
140.0,direct,Single-click,0.05,70.0,0.04151011353411509,0.004146703629597471,0.95,241.155406637313,239.31855,0.00024115540663731302,0.00023931855
140.0,one-repeater,Single-click,0.05,35.0,0.2037403090557072,0.02027025562173543,0.9033333333333332,73.74749375186286,74.08865,7.374749375186287e-05,7.408865e-05
140.0,direct,Single-click,0.1,70.0,0.04151011353411509,0.008284791811566867,0.9,120.70309342038546,121.5495,0.00012070309342038545,0.00012154949999999999
140.0,one-repeater,Single-click,0.1,35.0,0.2037403090557072,0.04033296067580029,0.8133333333333334,36.93528087907316,36.7787,3.693528087907316e-05,3.67787e-05
140.0,direct,Single-click,0.2,70.0,0.04151011353411509,0.01653512183262143,0.8,60.47732881091587,60.3376,6.047732881091587e-05,6.03376e-05
140.0,one-repeater,Single-click,0.2,35.0,0.2037403090557072,0.07983571908091827,0.6533333333333334,18.528188183613544,18.39485,1.8528188183613545e-05,1.8394850000000002e-05
150.0,direct,Barrett-Kok,,75.0,0.03307125148830102,0.0005468538375012263,1.0,1828.6421917954588,1820.16395,0.0018286421917954588,0.0018201639500000002
150.0,one-repeater,Barrett-Kok,,37.5,0.18185502876824997,0.01653562574415051,1.0,90.46114452560978,90.6094,9.046114452560978e-05,9.06094e-05
150.0,direct,Single-click,0.05,75.0,0.03307125148830102,0.003304390879642596,0.95,302.62763590128304,303.4205,0.00030262763590128305,0.0003034205
150.0,one-repeater,Single-click,0.05,37.5,0.18185502876824997,0.018102824748104245,0.9033333333333332,82.60771323919937,81.67985,8.260771323919937e-05,8.167985000000001e-05
150.0,direct,Single-click,0.1,75.0,0.03307125148830102,0.0066033132209101794,0.9,151.43912859280712,151.72195,0.00015143912859280712,0.00015172195
150.0,one-repeater,Single-click,0.1,37.5,0.18185502876824997,0.036040293238766986,0.8133333333333334,41.36549540477873,41.35125,4.1365495404778724e-05,4.135125e-05
150.0,direct,Single-click,0.2,75.0,0.03307125148830102,0.01318475228832031,0.8,75.84518678336099,75.91575,7.584518678336098e-05,7.591575e-05
150.0,one-repeater,Single-click,0.2,37.5,0.18185502876824997,0.07141916144776794,0.6533333333333334,20.743508904591867,20.8014,2.0743508904591866e-05,2.08014e-05
160.0,direct,Barrett-Kok,,80.0,0.026347980814448734,0.0003471080464992793,1.0,2880.947330623395,2865.25635,0.002880947330623395,0.00286525635
160.0,one-repeater,Barrett-Kok,,40.0,0.16232061118184818,0.013173990407224369,1.0,113.60905982420265,112.79035,0.00011360905982420264,0.00011279035
160.0,direct,Single-click,0.05,80.0,0.026347980814448734,0.0026330625412123772,0.95,379.7858897569354,375.53875,0.0003797858897569354,0.00037553875
160.0,one-repeater,Single-click,0.05,40.0,0.16232061118184818,0.016166191166148695,0.9033333333333332,92.53419697965865,92.88045,9.253419697965865e-05,9.288045e-05
160.0,direct,Single-click,0.1,80.0,0.026347980814448734,0.005262654001959762,0.9,190.01819227097386,189.77175,0.00019001819227097385,0.00018977175
160.0,one-repeater,Single-click,0.1,40.0,0.16232061118184818,0.03220064242822515,0.8133333333333334,46.32883060124709,46.14865,4.632883060124709e-05,4.6148650000000004e-05
160.0,direct,Single-click,0.2,80.0,0.026347980814448734,0.010511423682059552,0.8,95.1345916830236,94.32075,9.51345916830236e-05,9.432075e-05
160.0,one-repeater,Single-click,0.2,40.0,0.16232061118184818,0.06387432524016133,0.6533333333333334,23.225366325508766,23.04105,2.3225366325508765e-05,2.304105e-05
170.0,direct,Barrett-Kok,,85.0,0.020991527739557658,0.00022032211842030932,1.0,4538.808936524005,4563.26275,0.004538808936524005,0.00456326275
170.0,one-repeater,Barrett-Kok,,42.5,0.14488453243724003,0.010495763869778829,1.0,142.66348165152112,143.55255,0.00014266348165152112,0.00014355255
170.0,direct,Single-click,0.05,85.0,0.020991527739557658,0.0020980511633636643,0.95,476.6327997439144,478.961,0.00047663279974391443,0.000478961
170.0,one-repeater,Single-click,0.05,42.5,0.14488453243724003,0.01443597442437511,0.9033333333333332,103.65526588938673,103.1825,0.00010365526588938673,0.00010318250000000001
170.0,direct,Single-click,0.1,85.0,0.020991527739557658,0.0041938991055431255,0.9,238.44159690877834,240.37455,0.00023844159690877834,0.00024037455
170.0,one-repeater,Single-click,0.1,42.5,0.14488453243724003,0.028766991210052432,0.8133333333333334,51.88944819594509,52.051,5.188944819594509e-05,5.2051e-05
170.0,direct,Single-click,0.2,85.0,0.020991527739557658,0.008378985326349439,0.8,119.3461930116162,119.35285,0.00011934619301161619,0.00011935285000000001
170.0,one-repeater,Single-click,0.2,42.5,0.14488453243724003,0.05711415186531371,0.6533333333333334,26.005843975430878,26.1291,2.600584397543088e-05,2.61291e-05
180.0,direct,Barrett-Kok,,90.0,0.016724022988470442,0.0001398464724594439,1.0,7150.698779978196,7160.2946,0.007150698779978196,0.0071602946
180.0,one-repeater,Barrett-Kok,,45.0,0.12932139416380586,0.008362011494235221,1.0,179.13162652998682,179.03645,0.00017913162652998682,0.00017903645
180.0,direct,Single-click,0.05,90.0,0.016724022988470442,0.001671703066484747,0.95,598.1923584687785,596.3738,0.0005981923584687785,0.0005963737999999999
180.0,one-repeater,Single-click,0.05,45.0,0.12932139416380586,0.01289032935890941,0.9033333333333332,116.11468343258056,115.75775,0.00011611468343258057,0.00011575775000000001
180.0,direct,Single-click,0.1,90.0,0.016724022988470442,0.0033420076682448997,0.9,299.221336175199,298.34035,0.00029922133617519897,0.00029834035
180.0,one-repeater,Single-click,0.1,45.0,0.12932139416380586,0.02569703860287647,0.8133333333333334,58.11923104667891,58.6501,5.811923104667891e-05,5.86501e-05
180.0,direct,Single-click,0.2,90.0,0.016724022988470442,0.006678421477591422,0.8,149.73598227595704,149.03835,0.00014973598227595704,0.00014903835
180.0,one-repeater,Single-click,0.2,45.0,0.12932139416380586,0.05105959674598353,0.6533333333333334,29.120885641831897,29.2158,2.9120885641831897e-05,2.9215800000000002e-05
190.0,direct,Barrett-Kok,,95.0,0.013324087145492417,8.876564913033813e-05,1.0,11265.619187121138,11311.6201,0.011265619187121137,0.0113116201
190.0,one-repeater,Barrett-Kok,,47.5,0.11543000972664091,0.006662043572746208,1.0,224.90530215705644,225.4147,0.00022490530215705644,0.0002254147
190.0,direct,Single-click,0.05,95.0,0.013324087145492417,0.0013319648863035901,0.95,750.7705422889605,750.6976,0.0007507705422889606,0.0007506975999999999
190.0,one-repeater,Single-click,0.05,47.5,0.11543000972664091,0.011509690754800362,0.9033333333333332,130.07351407052062,130.5658,0.0001300735140705206,0.0001305658
190.0,direct,Single-click,0.1,95.0,0.013324087145492417,0.002663042116115877,0.9,375.51039615495404,375.284,0.000375510396154954,0.000375284
190.0,one-repeater,Single-click,0.1,47.5,0.11543000972664091,0.02295276107387326,0.8133333333333334,65.09871238286559,65.61415,6.509871238286558e-05,6.561415e-05
190.0,direct,Single-click,0.2,95.0,0.013324087145492417,0.00532253360626654,0.8,187.88044829301586,187.25145,0.00018788044829301585,0.00018725145
190.0,one-repeater,Single-click,0.2,47.5,0.11543000972664091,0.04563904040483668,0.6533333333333334,32.61076002670664,32.74065,3.2610760026706644e-05,3.274065e-05
200.0,direct,Barrett-Kok,,100.0,0.010615346461976673,5.634279025390034e-05,1.0,17748.49977244027,17806.136,0.017748499772440272,0.017806136
200.0,one-repeater,Barrett-Kok,,50.0,0.10303080346176416,0.005307673230988337,1.0,282.35904617260104,283.04705,0.00028235904617260105,0.00028304705
200.0,direct,Single-click,0.05,100.0,0.010615346461976673,0.001061252932246398,0.95,942.282437687365,947.0457,0.000942282437687365,0.0009470457
200.0,one-repeater,Single-click,0.05,50.0,0.10303080346176416,0.010276541980021476,0.9033333333333332,145.71220536261345,145.64665,0.00014571220536261343,0.00014564664999999999
200.0,direct,Single-click,0.1,100.0,0.010615346461976673,0.002121942436590257,0.9,471.2663184242156,475.26425,0.0004712663184242156,0.00047526425
200.0,one-repeater,Single-click,0.1,50.0,0.10303080346176416,0.020500007227733066,0.8133333333333334,72.91811687079168,73.04215,7.291811687079167e-05,7.304215e-05
200.0,direct,Single-click,0.2,100.0,0.010615346461976673,0.004241631161570358,0.8,235.75835849663434,236.4166,0.00023575835849663434,0.0002364166
200.0,one-repeater,Single-click,0.2,50.0,0.10303080346176416,0.040787707526226596,0.6533333333333334,36.52058131086914,36.64105,3.652058131086914e-05,3.664105e-05
210.0,direct,Barrett-Kok,,105.0,0.008457283360378102,3.576282091886416e-05,1.0,27962.000041012438,27936.61475,0.027962000041012437,0.02793661475
210.0,one-repeater,Barrett-Kok,,52.5,0.09196348927905086,0.004228641680189051,1.0,354.4733068044547,358.2626,0.0003544733068044547,0.0003582626
210.0,direct,Single-click,0.05,105.0,0.008457283360378102,0.000845549521933216,0.95,1182.6628412179305,1175.0708,0.0011826628412179305,0.0011750708
210.0,one-repeater,Single-click,0.05,52.5,0.09196348927905086,0.00917520571950414,0.9033333333333332,163.2329206350482,163.6958,0.0001632329206350482,0.0001636958
210.0,direct,Single-click,0.1,105.0,0.008457283360378102,0.0016907414156572432,0.9,591.4564999351301,595.8547,0.00059145649993513,0.0005958547
210.0,one-repeater,Single-click,0.1,52.5,0.09196348927905086,0.01830812502220639,0.8133333333333334,81.67852696090895,81.914,8.167852696090895e-05,8.1914e-05
210.0,direct,Single-click,0.2,105.0,0.008457283360378102,0.0033800523184777317,0.8,295.8534086982323,294.87675,0.00029585340869823227,0.00029487675
210.0,one-repeater,Single-click,0.2,52.5,0.09196348927905086,0.03644710437720522,0.6533333333333334,40.90089235570318,40.8577,4.0900892355703177e-05,4.08577e-05
220.0,direct,Barrett-Kok,,110.0,0.006737946999085467,2.2699964881242424e-05,1.0,44052.931589613436,43798.23775,0.04405293158961344,0.04379823775
220.0,one-repeater,Barrett-Kok,,55.0,0.0820849986238988,0.003368973499542734,1.0,444.9890554754704,443.1622,0.0004449890554754704,0.0004431622
220.0,direct,Single-click,0.05,110.0,0.006737946999085467,0.0006736812000841405,0.95,1484.3816331450296,1488.23,0.0014843816331450296,0.00148823
220.0,one-repeater,Single-click,0.05,55.0,0.0820849986238988,0.008191654994892167,0.9033333333333332,182.86215237179442,180.57065,0.00018286215237179443,0.00018057065
220.0,direct,Single-click,0.1,110.0,0.006737946999085467,0.0013471354005194687,0.9,742.315879765605,749.86935,0.000742315879765605,0.00074986935
220.0,one-repeater,Single-click,0.1,55.0,0.0820849986238988,0.016349620254788907,0.8133333333333334,91.49318959474496,91.8003,9.149318959474496e-05,9.180029999999999e-05
220.0,direct,Single-click,0.2,110.0,0.006737946999085467,0.0026933628024436874,0.8,371.2830663186929,371.28425,0.00037128306631869286,0.00037128424999999997
220.0,one-repeater,Single-click,0.2,55.0,0.0820849986238988,0.032564481569596106,0.6533333333333334,45.80831808145984,45.4242,4.580831808145984e-05,4.54242e-05
230.0,direct,Barrett-Kok,,115.0,0.005368145754129627,1.4408494418789972e-05,1.0,69403.50399802426,69604.3113,0.06940350399802425,0.0696043113
230.0,one-repeater,Barrett-Kok,,57.5,0.07326763101212995,0.002684072877064813,1.0,558.6018520030927,562.15675,0.0005586018520030928,0.00056215675
230.0,direct,Single-click,0.05,115.0,0.005368145754129627,0.0005367425329408688,0.95,1863.0906600989765,1856.01135,0.0018630906600989765,0.00185601135
230.0,one-repeater,Single-click,0.05,57.5,0.07326763101212995,0.007313342736827671,0.9033333333333332,204.85365011158518,206.97855,0.00020485365011158518,0.00020697855000000002
230.0,direct,Single-click,0.1,115.0,0.005368145754129627,0.0010733409809375498,0.9,931.6703803916186,931.6268,0.0009316703803916186,0.0009316268
230.0,one-repeater,Single-click,0.1,57.5,0.07326763101212995,0.014599844744884695,0.8133333333333334,102.48898016344546,102.6992,0.00010248898016344546,0.0001026992
230.0,direct,Single-click,0.2,115.0,0.005368145754129627,0.002146105622098348,0.8,465.96029091161563,470.25195,0.0004659602909116156,0.00047025195000000003
230.0,one-repeater,Single-click,0.2,57.5,0.07326763101212995,0.029092326574686796,0.6533333333333334,51.30629746843424,51.3124,5.1306297468434237e-05,5.1312399999999993e-05
240.0,direct,Barrett-Kok,,120.0,0.00427682034920893,9.145596149703797e-06,1.0,109342.24337386552,109149.65885,0.10934224337386553,0.10914965885000001
240.0,one-repeater,Barrett-Kok,,60.0,0.06539740322986021,0.0021384101746044653,1.0,701.2054296468779,701.0797,0.0007012054296468779,0.0007010797
240.0,direct,Single-click,0.05,120.0,0.00427682034920893,0.0004276363069401445,0.95,2338.435684180502,2327.39505,0.002338435684180502,0.00232739505
240.0,one-repeater,Single-click,0.05,60.0,0.06539740322986021,0.006529048272112999,0.9033333333333332,229.49170070019306,229.9454,0.00022949170070019306,0.0002299454
240.0,direct,Single-click,0.1,120.0,0.00427682034920893,0.0008551811579187919,0.9,1169.3428821954471,1182.9752,0.0011693428821954472,0.0011829752
240.0,one-repeater,Single-click,0.1,60.0,0.06539740322986021,0.013036712442479953,0.8133333333333334,114.80804264277046,114.0156,0.00011480804264277046,0.0001140156
240.0,direct,Single-click,0.2,120.0,0.00427682034920893,0.0017099964919915956,0.8,584.7965213281356,582.797,0.0005847965213281356,0.000582797
240.0,one-repeater,Single-click,0.2,60.0,0.06539740322986021,0.02598788847797573,0.6533333333333334,57.4659036437518,57.96415,5.74659036437518e-05,5.796415e-05
250.0,direct,Barrett-Kok,,125.0,0.0034073576123257194,5.805042949137014e-06,1.0,172264.01402398953,171744.7901,0.17226401402398953,0.17174479010000002
250.0,one-repeater,Barrett-Kok,,62.5,0.05837257585823774,0.0017036788061628597,1.0,880.1974361302184,878.14585,0.0008801974361302184,0.00087814585
250.0,direct,Single-click,0.05,125.0,0.0034073576123257194,0.0003407067360178263,0.95,2935.0755188699245,2946.92975,0.0029350755188699246,0.0029469297499999996
250.0,one-repeater,Single-click,0.05,62.5,0.05837257585823774,0.00582873919179296,0.9033333333333332,257.09480330225085,259.00405,0.00025709480330225086,0.00025900405000000003
250.0,direct,Single-click,0.1,125.0,0.0034073576123257194,0.0006813554216061612,0.9,1467.6627913852903,1461.45595,0.0014676627913852904,0.00146145595
250.0,one-repeater,Single-click,0.1,62.5,0.05837257585823774,0.011640441595524291,0.8133333333333334,128.60962710681434,128.5402,0.00012860962710681435,0.0001285402
250.0,direct,Single-click,0.2,125.0,0.0034073576123257194,0.001362478641494357,0.8,733.9564596060068,744.3814,0.0007339564596060068,0.0007443813999999999
250.0,one-repeater,Single-click,0.2,62.5,0.05837257585823774,0.023212736038802067,0.6533333333333334,64.36676265519809,64.32715,6.436676265519808e-05,6.432715e-05
